{
  "IcoMoonType": "selection",
  "icons": [
    {
      "icon": {
        "paths": [
          "M664.4 780.4c41.28-5.328 72.080-40.208 72.080-82.192v-368.144c0-45.712-37.248-82.944-83.008-82.944h-132.928l59.28-127.328 30.112-62.272h76.096l0.384 43.424h12.512v-55.616h-386.704v55.632h12.272l-0.384-43.424h94.992l73.6 189.6h-122.16c-45.76 0-83.008 37.232-83.008 82.944v368.144c0 42.016 30.848 76.864 72.176 82.224l-74.784 198.224h70.352l74.48-197.408h164.592l74.384 197.136h70.336l-74.672-198zM431.968 57.536h164.032l-26.656 57.248-63.872 131.888-73.504-189.136zM429.040 273.648h165.968v50.96h-165.968v-50.96zM340.080 467.744v-38.56c0-45.76 37.216-83.008 82.992-83.008h177.872c45.76 0 83.008 37.232 83.008 83.008v38.56c0 45.76-37.232 83.008-83.008 83.008h-177.888c-45.76-0-82.976-37.248-82.976-83.008zM399.488 706.448c-20.944 0-38-17.024-38-37.984 0-20.944 17.040-37.984 38-37.984 20.928 0 37.968 17.040 37.968 37.984 0 20.96-17.040 37.984-37.968 37.984zM625.296 710.352c-20.96 0-37.984-17.072-37.984-38.016 0-20.96 17.024-37.952 37.984-37.952 20.928 0 37.952 17.008 37.952 37.952s-17.024 38.016-37.952 38.016z"
        ],
        "attrs": [
          {}
        ],
        "isMulticolor": false,
        "isMulticolor2": false,
        "grid": 0,
        "tags": [
          "train"
        ]
      },
      "attrs": [
        {}
      ],
      "properties": {
        "order": 2,
        "id": 0,
        "name": "train",
        "prevSize": 32,
        "code": 59648
      },
      "setIdx": 0,
      "setId": 2,
      "iconIdx": 0
    }
  ],
  "height": 1024,
  "metadata": {
    "name": "icomoon"
  },
  "preferences": {
    "showGlyphs": true,
    "showQuickUse": true,
    "showQuickUse2": true,
    "showSVGs": true,
    "fontPref": {
      "prefix": "icon-",
      "metadata": {
        "fontFamily": "icomoon"
      },
      "metrics": {
        "emSize": 1024,
        "baseline": 6.25,
        "whitespace": 50
      },
      "embed": false
    },
    "imagePref": {
      "prefix": "icon-",
      "png": true,
      "useClassSelector": true,
      "color": 0,
      "bgColor": 16777215,
      "classSelector": ".icon"
    },
    "historySize": 50,
    "showCodes": true,
    "gridSize": 16
  }
}